[
    {
        "login": "MarianneLawless",
        "id": 36157521,
        "node_id": "MDQ6VXNlcjM2MTU3NTIx",
        "avatar_url": "https://avatars3.githubusercontent.com/u/36157521?v=4",
        "gravatar_id": "",
        "url": "https://api.github.com/users/MarianneLawless",
        "html_url": "https://github.com/MarianneLawless",
        "followers_url": "https://api.github.com/users/MarianneLawless/followers",
        "following_url": "https://api.github.com/users/MarianneLawless/following{/other_user}",
        "gists_url": "https://api.github.com/users/MarianneLawless/gists{/gist_id}",
        "starred_url": "https://api.github.com/users/MarianneLawless/starred{/owner}{/repo}",
        "subscriptions_url": "https://api.github.com/users/MarianneLawless/subscriptions",
        "organizations_url": "https://api.github.com/users/MarianneLawless/orgs",
        "repos_url": "https://api.github.com/users/MarianneLawless/repos",
        "events_url": "https://api.github.com/users/MarianneLawless/events{/privacy}",
        "received_events_url": "https://api.github.com/users/MarianneLawless/received_events",
        "type": "User",
        "site_admin": false
    },
    {
        "login": "ezekielonaloye-gmit",
        "id": 36563439,
        "node_id": "MDQ6VXNlcjM2NTYzNDM5",
        "avatar_url": "https://avatars2.githubusercontent.com/u/36563439?v=4",
        "gravatar_id": "",
        "url": "https://api.github.com/users/ezekielonaloye-gmit",
        "html_url": "https://github.com/ezekielonaloye-gmit",
        "followers_url": "https://api.github.com/users/ezekielonaloye-gmit/followers",
        "following_url": "https://api.github.com/users/ezekielonaloye-gmit/following{/other_user}",
        "gists_url": "https://api.github.com/users/ezekielonaloye-gmit/gists{/gist_id}",
        "starred_url": "https://api.github.com/users/ezekielonaloye-gmit/starred{/owner}{/repo}",
        "subscriptions_url": "https://api.github.com/users/ezekielonaloye-gmit/subscriptions",
        "organizations_url": "https://api.github.com/users/ezekielonaloye-gmit/orgs",
        "repos_url": "https://api.github.com/users/ezekielonaloye-gmit/repos",
        "events_url": "https://api.github.com/users/ezekielonaloye-gmit/events{/privacy}",
        "received_events_url": "https://api.github.com/users/ezekielonaloye-gmit/received_events",
        "type": "User",
        "site_admin": false
    },
    {
        "login": "kennycolsh",
        "id": 19607038,
        "node_id": "MDQ6VXNlcjE5NjA3MDM4",
        "avatar_url": "https://avatars3.githubusercontent.com/u/19607038?v=4",
        "gravatar_id": "",
        "url": "https://api.github.com/users/kennycolsh",
        "html_url": "https://github.com/kennycolsh",
        "followers_url": "https://api.github.com/users/kennycolsh/followers",
        "following_url": "https://api.github.com/users/kennycolsh/following{/other_user}",
        "gists_url": "https://api.github.com/users/kennycolsh/gists{/gist_id}",
        "starred_url": "https://api.github.com/users/kennycolsh/starred{/owner}{/repo}",
        "subscriptions_url": "https://api.github.com/users/kennycolsh/subscriptions",
        "organizations_url": "https://api.github.com/users/kennycolsh/orgs",
        "repos_url": "https://api.github.com/users/kennycolsh/repos",
        "events_url": "https://api.github.com/users/kennycolsh/events{/privacy}",
        "received_events_url": "https://api.github.com/users/kennycolsh/received_events",
        "type": "User",
        "site_admin": false
    },
    {
        "login": "tullowhurler",
        "id": 35730844,
        "node_id": "MDQ6VXNlcjM1NzMwODQ0",
        "avatar_url": "https://avatars3.githubusercontent.com/u/35730844?v=4",
        "gravatar_id": "",
        "url": "https://api.github.com/users/tullowhurler",
        "html_url": "https://github.com/tullowhurler",
        "followers_url": "https://api.github.com/users/tullowhurler/followers",
        "following_url": "https://api.github.com/users/tullowhurler/following{/other_user}",
        "gists_url": "https://api.github.com/users/tullowhurler/gists{/gist_id}",
        "starred_url": "https://api.github.com/users/tullowhurler/starred{/owner}{/repo}",
        "subscriptions_url": "https://api.github.com/users/tullowhurler/subscriptions",
        "organizations_url": "https://api.github.com/users/tullowhurler/orgs",
        "repos_url": "https://api.github.com/users/tullowhurler/repos",
        "events_url": "https://api.github.com/users/tullowhurler/events{/privacy}",
        "received_events_url": "https://api.github.com/users/tullowhurler/received_events",
        "type": "User",
        "site_admin": false
    },
    {
        "login": "AideenByrne",
        "id": 36171938,
        "node_id": "MDQ6VXNlcjM2MTcxOTM4",
        "avatar_url": "https://avatars2.githubusercontent.com/u/36171938?v=4",
        "gravatar_id": "",
        "url": "https://api.github.com/users/AideenByrne",
        "html_url": "https://github.com/AideenByrne",
        "followers_url": "https://api.github.com/users/AideenByrne/followers",
        "following_url": "https://api.github.com/users/AideenByrne/following{/other_user}",
        "gists_url": "https://api.github.com/users/AideenByrne/gists{/gist_id}",
        "starred_url": "https://api.github.com/users/AideenByrne/starred{/owner}{/repo}",
        "subscriptions_url": "https://api.github.com/users/AideenByrne/subscriptions",
        "organizations_url": "https://api.github.com/users/AideenByrne/orgs",
        "repos_url": "https://api.github.com/users/AideenByrne/repos",
        "events_url": "https://api.github.com/users/AideenByrne/events{/privacy}",
        "received_events_url": "https://api.github.com/users/AideenByrne/received_events",
        "type": "User",
        "site_admin": false
    },
    {
        "login": "sean-meade",
        "id": 31858151,
        "node_id": "MDQ6VXNlcjMxODU4MTUx",
        "avatar_url": "https://avatars1.githubusercontent.com/u/31858151?v=4",
        "gravatar_id": "",
        "url": "https://api.github.com/users/sean-meade",
        "html_url": "https://github.com/sean-meade",
        "followers_url": "https://api.github.com/users/sean-meade/followers",
        "following_url": "https://api.github.com/users/sean-meade/following{/other_user}",
        "gists_url": "https://api.github.com/users/sean-meade/gists{/gist_id}",
        "starred_url": "https://api.github.com/users/sean-meade/starred{/owner}{/repo}",
        "subscriptions_url": "https://api.github.com/users/sean-meade/subscriptions",
        "organizations_url": "https://api.github.com/users/sean-meade/orgs",
        "repos_url": "https://api.github.com/users/sean-meade/repos",
        "events_url": "https://api.github.com/users/sean-meade/events{/privacy}",
        "received_events_url": "https://api.github.com/users/sean-meade/received_events",
        "type": "User",
        "site_admin": false
    },
    {
        "login": "davidobrien1",
        "id": 36315455,
        "node_id": "MDQ6VXNlcjM2MzE1NDU1",
        "avatar_url": "https://avatars3.githubusercontent.com/u/36315455?v=4",
        "gravatar_id": "",
        "url": "https://api.github.com/users/davidobrien1",
        "html_url": "https://github.com/davidobrien1",
        "followers_url": "https://api.github.com/users/davidobrien1/followers",
        "following_url": "https://api.github.com/users/davidobrien1/following{/other_user}",
        "gists_url": "https://api.github.com/users/davidobrien1/gists{/gist_id}",
        "starred_url": "https://api.github.com/users/davidobrien1/starred{/owner}{/repo}",
        "subscriptions_url": "https://api.github.com/users/davidobrien1/subscriptions",
        "organizations_url": "https://api.github.com/users/davidobrien1/orgs",
        "repos_url": "https://api.github.com/users/davidobrien1/repos",
        "events_url": "https://api.github.com/users/davidobrien1/events{/privacy}",
        "received_events_url": "https://api.github.com/users/davidobrien1/received_events",
        "type": "User",
        "site_admin": false
    },
    {
        "login": "Datagatherer2357",
        "id": 36170749,
        "node_id": "MDQ6VXNlcjM2MTcwNzQ5",
        "avatar_url": "https://avatars1.githubusercontent.com/u/36170749?v=4",
        "gravatar_id": "",
        "url": "https://api.github.com/users/Datagatherer2357",
        "html_url": "https://github.com/Datagatherer2357",
        "followers_url": "https://api.github.com/users/Datagatherer2357/followers",
        "following_url": "https://api.github.com/users/Datagatherer2357/following{/other_user}",
        "gists_url": "https://api.github.com/users/Datagatherer2357/gists{/gist_id}",
        "starred_url": "https://api.github.com/users/Datagatherer2357/starred{/owner}{/repo}",
        "subscriptions_url": "https://api.github.com/users/Datagatherer2357/subscriptions",
        "organizations_url": "https://api.github.com/users/Datagatherer2357/orgs",
        "repos_url": "https://api.github.com/users/Datagatherer2357/repos",
        "events_url": "https://api.github.com/users/Datagatherer2357/events{/privacy}",
        "received_events_url": "https://api.github.com/users/Datagatherer2357/received_events",
        "type": "User",
        "site_admin": false
    },
    {
        "login": "richardfeeney7",
        "id": 5649153,
        "node_id": "MDQ6VXNlcjU2NDkxNTM=",
        "avatar_url": "https://avatars2.githubusercontent.com/u/5649153?v=4",
        "gravatar_id": "",
        "url": "https://api.github.com/users/richardfeeney7",
        "html_url": "https://github.com/richardfeeney7",
        "followers_url": "https://api.github.com/users/richardfeeney7/followers",
        "following_url": "https://api.github.com/users/richardfeeney7/following{/other_user}",
        "gists_url": "https://api.github.com/users/richardfeeney7/gists{/gist_id}",
        "starred_url": "https://api.github.com/users/richardfeeney7/starred{/owner}{/repo}",
        "subscriptions_url": "https://api.github.com/users/richardfeeney7/subscriptions",
        "organizations_url": "https://api.github.com/users/richardfeeney7/orgs",
        "repos_url": "https://api.github.com/users/richardfeeney7/repos",
        "events_url": "https://api.github.com/users/richardfeeney7/events{/privacy}",
        "received_events_url": "https://api.github.com/users/richardfeeney7/received_events",
        "type": "User",
        "site_admin": false
    },
    {
        "login": "JulianConneely",
        "id": 36239852,
        "node_id": "MDQ6VXNlcjM2MjM5ODUy",
        "avatar_url": "https://avatars0.githubusercontent.com/u/36239852?v=4",
        "gravatar_id": "",
        "url": "https://api.github.com/users/JulianConneely",
        "html_url": "https://github.com/JulianConneely",
        "followers_url": "https://api.github.com/users/JulianConneely/followers",
        "following_url": "https://api.github.com/users/JulianConneely/following{/other_user}",
        "gists_url": "https://api.github.com/users/JulianConneely/gists{/gist_id}",
        "starred_url": "https://api.github.com/users/JulianConneely/starred{/owner}{/repo}",
        "subscriptions_url": "https://api.github.com/users/JulianConneely/subscriptions",
        "organizations_url": "https://api.github.com/users/JulianConneely/orgs",
        "repos_url": "https://api.github.com/users/JulianConneely/repos",
        "events_url": "https://api.github.com/users/JulianConneely/events{/privacy}",
        "received_events_url": "https://api.github.com/users/JulianConneely/received_events",
        "type": "User",
        "site_admin": false
    },
    {
        "login": "oreillyh",
        "id": 35709355,
        "node_id": "MDQ6VXNlcjM1NzA5MzU1",
        "avatar_url": "https://avatars2.githubusercontent.com/u/35709355?v=4",
        "gravatar_id": "",
        "url": "https://api.github.com/users/oreillyh",
        "html_url": "https://github.com/oreillyh",
        "followers_url": "https://api.github.com/users/oreillyh/followers",
        "following_url": "https://api.github.com/users/oreillyh/following{/other_user}",
        "gists_url": "https://api.github.com/users/oreillyh/gists{/gist_id}",
        "starred_url": "https://api.github.com/users/oreillyh/starred{/owner}{/repo}",
        "subscriptions_url": "https://api.github.com/users/oreillyh/subscriptions",
        "organizations_url": "https://api.github.com/users/oreillyh/orgs",
        "repos_url": "https://api.github.com/users/oreillyh/repos",
        "events_url": "https://api.github.com/users/oreillyh/events{/privacy}",
        "received_events_url": "https://api.github.com/users/oreillyh/received_events",
        "type": "User",
        "site_admin": false
    },
    {
        "login": "daithimarkham",
        "id": 47174160,
        "node_id": "MDQ6VXNlcjQ3MTc0MTYw",
        "avatar_url": "https://avatars0.githubusercontent.com/u/47174160?v=4",
        "gravatar_id": "",
        "url": "https://api.github.com/users/daithimarkham",
        "html_url": "https://github.com/daithimarkham",
        "followers_url": "https://api.github.com/users/daithimarkham/followers",
        "following_url": "https://api.github.com/users/daithimarkham/following{/other_user}",
        "gists_url": "https://api.github.com/users/daithimarkham/gists{/gist_id}",
        "starred_url": "https://api.github.com/users/daithimarkham/starred{/owner}{/repo}",
        "subscriptions_url": "https://api.github.com/users/daithimarkham/subscriptions",
        "organizations_url": "https://api.github.com/users/daithimarkham/orgs",
        "repos_url": "https://api.github.com/users/daithimarkham/repos",
        "events_url": "https://api.github.com/users/daithimarkham/events{/privacy}",
        "received_events_url": "https://api.github.com/users/daithimarkham/received_events",
        "type": "User",
        "site_admin": false
    },
    {
        "login": "G00364756",
        "id": 36041776,
        "node_id": "MDQ6VXNlcjM2MDQxNzc2",
        "avatar_url": "https://avatars3.githubusercontent.com/u/36041776?v=4",
        "gravatar_id": "",
        "url": "https://api.github.com/users/G00364756",
        "html_url": "https://github.com/G00364756",
        "followers_url": "https://api.github.com/users/G00364756/followers",
        "following_url": "https://api.github.com/users/G00364756/following{/other_user}",
        "gists_url": "https://api.github.com/users/G00364756/gists{/gist_id}",
        "starred_url": "https://api.github.com/users/G00364756/starred{/owner}{/repo}",
        "subscriptions_url": "https://api.github.com/users/G00364756/subscriptions",
        "organizations_url": "https://api.github.com/users/G00364756/orgs",
        "repos_url": "https://api.github.com/users/G00364756/repos",
        "events_url": "https://api.github.com/users/G00364756/events{/privacy}",
        "received_events_url": "https://api.github.com/users/G00364756/received_events",
        "type": "User",
        "site_admin": false
    },
    {
        "login": "YBrady",
        "id": 47185731,
        "node_id": "MDQ6VXNlcjQ3MTg1NzMx",
        "avatar_url": "https://avatars2.githubusercontent.com/u/47185731?v=4",
        "gravatar_id": "",
        "url": "https://api.github.com/users/YBrady",
        "html_url": "https://github.com/YBrady",
        "followers_url": "https://api.github.com/users/YBrady/followers",
        "following_url": "https://api.github.com/users/YBrady/following{/other_user}",
        "gists_url": "https://api.github.com/users/YBrady/gists{/gist_id}",
        "starred_url": "https://api.github.com/users/YBrady/starred{/owner}{/repo}",
        "subscriptions_url": "https://api.github.com/users/YBrady/subscriptions",
        "organizations_url": "https://api.github.com/users/YBrady/orgs",
        "repos_url": "https://api.github.com/users/YBrady/repos",
        "events_url": "https://api.github.com/users/YBrady/events{/privacy}",
        "received_events_url": "https://api.github.com/users/YBrady/received_events",
        "type": "User",
        "site_admin": false
    },
    {
        "login": "smck2010-2010",
        "id": 36115568,
        "node_id": "MDQ6VXNlcjM2MTE1NTY4",
        "avatar_url": "https://avatars1.githubusercontent.com/u/36115568?v=4",
        "gravatar_id": "",
        "url": "https://api.github.com/users/smck2010-2010",
        "html_url": "https://github.com/smck2010-2010",
        "followers_url": "https://api.github.com/users/smck2010-2010/followers",
        "following_url": "https://api.github.com/users/smck2010-2010/following{/other_user}",
        "gists_url": "https://api.github.com/users/smck2010-2010/gists{/gist_id}",
        "starred_url": "https://api.github.com/users/smck2010-2010/starred{/owner}{/repo}",
        "subscriptions_url": "https://api.github.com/users/smck2010-2010/subscriptions",
        "organizations_url": "https://api.github.com/users/smck2010-2010/orgs",
        "repos_url": "https://api.github.com/users/smck2010-2010/repos",
        "events_url": "https://api.github.com/users/smck2010-2010/events{/privacy}",
        "received_events_url": "https://api.github.com/users/smck2010-2010/received_events",
        "type": "User",
        "site_admin": false
    },
    {
        "login": "tomasmurray",
        "id": 36175284,
        "node_id": "MDQ6VXNlcjM2MTc1Mjg0",
        "avatar_url": "https://avatars0.githubusercontent.com/u/36175284?v=4",
        "gravatar_id": "",
        "url": "https://api.github.com/users/tomasmurray",
        "html_url": "https://github.com/tomasmurray",
        "followers_url": "https://api.github.com/users/tomasmurray/followers",
        "following_url": "https://api.github.com/users/tomasmurray/following{/other_user}",
        "gists_url": "https://api.github.com/users/tomasmurray/gists{/gist_id}",
        "starred_url": "https://api.github.com/users/tomasmurray/starred{/owner}{/repo}",
        "subscriptions_url": "https://api.github.com/users/tomasmurray/subscriptions",
        "organizations_url": "https://api.github.com/users/tomasmurray/orgs",
        "repos_url": "https://api.github.com/users/tomasmurray/repos",
        "events_url": "https://api.github.com/users/tomasmurray/events{/privacy}",
        "received_events_url": "https://api.github.com/users/tomasmurray/received_events",
        "type": "User",
        "site_admin": false
    },
    {
        "login": "shkyler",
        "id": 35704795,
        "node_id": "MDQ6VXNlcjM1NzA0Nzk1",
        "avatar_url": "https://avatars3.githubusercontent.com/u/35704795?v=4",
        "gravatar_id": "",
        "url": "https://api.github.com/users/shkyler",
        "html_url": "https://github.com/shkyler",
        "followers_url": "https://api.github.com/users/shkyler/followers",
        "following_url": "https://api.github.com/users/shkyler/following{/other_user}",
        "gists_url": "https://api.github.com/users/shkyler/gists{/gist_id}",
        "starred_url": "https://api.github.com/users/shkyler/starred{/owner}{/repo}",
        "subscriptions_url": "https://api.github.com/users/shkyler/subscriptions",
        "organizations_url": "https://api.github.com/users/shkyler/orgs",
        "repos_url": "https://api.github.com/users/shkyler/repos",
        "events_url": "https://api.github.com/users/shkyler/events{/privacy}",
        "received_events_url": "https://api.github.com/users/shkyler/received_events",
        "type": "User",
        "site_admin": false
    },
    {
        "login": "jobur123",
        "id": 35807008,
        "node_id": "MDQ6VXNlcjM1ODA3MDA4",
        "avatar_url": "https://avatars2.githubusercontent.com/u/35807008?v=4",
        "gravatar_id": "",
        "url": "https://api.github.com/users/jobur123",
        "html_url": "https://github.com/jobur123",
        "followers_url": "https://api.github.com/users/jobur123/followers",
        "following_url": "https://api.github.com/users/jobur123/following{/other_user}",
        "gists_url": "https://api.github.com/users/jobur123/gists{/gist_id}",
        "starred_url": "https://api.github.com/users/jobur123/starred{/owner}{/repo}",
        "subscriptions_url": "https://api.github.com/users/jobur123/subscriptions",
        "organizations_url": "https://api.github.com/users/jobur123/orgs",
        "repos_url": "https://api.github.com/users/jobur123/repos",
        "events_url": "https://api.github.com/users/jobur123/events{/privacy}",
        "received_events_url": "https://api.github.com/users/jobur123/received_events",
        "type": "User",
        "site_admin": false
    },
    {
        "login": "Pmcg1",
        "id": 10108160,
        "node_id": "MDQ6VXNlcjEwMTA4MTYw",
        "avatar_url": "https://avatars1.githubusercontent.com/u/10108160?v=4",
        "gravatar_id": "",
        "url": "https://api.github.com/users/Pmcg1",
        "html_url": "https://github.com/Pmcg1",
        "followers_url": "https://api.github.com/users/Pmcg1/followers",
        "following_url": "https://api.github.com/users/Pmcg1/following{/other_user}",
        "gists_url": "https://api.github.com/users/Pmcg1/gists{/gist_id}",
        "starred_url": "https://api.github.com/users/Pmcg1/starred{/owner}{/repo}",
        "subscriptions_url": "https://api.github.com/users/Pmcg1/subscriptions",
        "organizations_url": "https://api.github.com/users/Pmcg1/orgs",
        "repos_url": "https://api.github.com/users/Pmcg1/repos",
        "events_url": "https://api.github.com/users/Pmcg1/events{/privacy}",
        "received_events_url": "https://api.github.com/users/Pmcg1/received_events",
        "type": "User",
        "site_admin": false
    },
    {
        "login": "Roisin-Fallon",
        "id": 48020027,
        "node_id": "MDQ6VXNlcjQ4MDIwMDI3",
        "avatar_url": "https://avatars3.githubusercontent.com/u/48020027?v=4",
        "gravatar_id": "",
        "url": "https://api.github.com/users/Roisin-Fallon",
        "html_url": "https://github.com/Roisin-Fallon",
        "followers_url": "https://api.github.com/users/Roisin-Fallon/followers",
        "following_url": "https://api.github.com/users/Roisin-Fallon/following{/other_user}",
        "gists_url": "https://api.github.com/users/Roisin-Fallon/gists{/gist_id}",
        "starred_url": "https://api.github.com/users/Roisin-Fallon/starred{/owner}{/repo}",
        "subscriptions_url": "https://api.github.com/users/Roisin-Fallon/subscriptions",
        "organizations_url": "https://api.github.com/users/Roisin-Fallon/orgs",
        "repos_url": "https://api.github.com/users/Roisin-Fallon/repos",
        "events_url": "https://api.github.com/users/Roisin-Fallon/events{/privacy}",
        "received_events_url": "https://api.github.com/users/Roisin-Fallon/received_events",
        "type": "User",
        "site_admin": false
    },
    {
        "login": "shakti230",
        "id": 36244887,
        "node_id": "MDQ6VXNlcjM2MjQ0ODg3",
        "avatar_url": "https://avatars2.githubusercontent.com/u/36244887?v=4",
        "gravatar_id": "",
        "url": "https://api.github.com/users/shakti230",
        "html_url": "https://github.com/shakti230",
        "followers_url": "https://api.github.com/users/shakti230/followers",
        "following_url": "https://api.github.com/users/shakti230/following{/other_user}",
        "gists_url": "https://api.github.com/users/shakti230/gists{/gist_id}",
        "starred_url": "https://api.github.com/users/shakti230/starred{/owner}{/repo}",
        "subscriptions_url": "https://api.github.com/users/shakti230/subscriptions",
        "organizations_url": "https://api.github.com/users/shakti230/orgs",
        "repos_url": "https://api.github.com/users/shakti230/repos",
        "events_url": "https://api.github.com/users/shakti230/events{/privacy}",
        "received_events_url": "https://api.github.com/users/shakti230/received_events",
        "type": "User",
        "site_admin": false
    }
]